{"cameraMode":{"drawMode":0,"name":"Shaded","section":"Shading Mode"},"sceneLighting":true,"audioPlay":false,"sceneViewState":{"showFog":true,"showMaterialUpdate":true,"showSkybox":true,"showFlares":true,"showImageEffects":true,"showParticleSystems":true},"in2DMode":false,"pivot":{"x":0.9434778690338135,"y":-0.04414302110671997,"z":1.5780222415924073},"rotation":{"x":-0.06165260076522827,"y":-0.3657587468624115,"z":0.024290775880217553,"w":-0.9283477067947388},"size":8.264556884765625,"orthographic":false}