{"cameraMode":{"drawMode":0,"name":"Shaded","section":"Shading Mode"},"sceneLighting":true,"audioPlay":false,"sceneViewState":{"showFog":true,"showMaterialUpdate":true,"showSkybox":true,"showFlares":true,"showImageEffects":true,"showParticleSystems":true},"in2DMode":false,"pivot":{"x":0.23402905464172364,"y":-0.08381712436676026,"z":0.1520545482635498},"rotation":{"x":-0.1569153368473053,"y":-0.05509191006422043,"z":0.008767431601881981,"w":-0.9860353469848633},"size":3.1035706996917726,"orthographic":false}